heart_rate,temperature,medication_dispensed
84.96714153011233,39.68748539188136,70.35532445628138
78.61735698828815,37.462316841456385,53.30049220701208
86.47688538100692,37.029815184960086,67.44102669847396
95.23029856408026,36.67653161114721,55.54990493956574
77.65846625276664,37.3491116568068,90.4117605004611
77.6586304305082,37.19674269271088,97.38440129822354
95.79212815507391,37.44759661001387,53.61582376289693
87.67434729152909,37.31758590084098,97.75576036458507
75.30525614065049,37.52477635765967,76.12882996683726
85.42560043585965,36.73238239421972,64.9782838976937
75.36582307187538,37.658697032817166,53.84310376380817
75.34270246429743,37.0987998023462,75.0312134035209
82.41962271566034,38.03763043631263,89.72577722453744
60.86719755342202,36.65540609095522,85.35432386333491
62.75082167486967,37.867981901582624,52.51130057319869
74.37712470759027,37.09895539173132,53.645091768395176
69.87168879665576,36.674290998192774,70.14366413163185
140.0,36.75805708297284,64.76452470239717
70.91975924478788,36.83982634590284,61.619216152802395
65.87696298664709,37.21208297320096,64.05022494543567
94.65648768921554,37.26141774401775,90.17413716484424
77.74223699513465,36.71314999803071,96.46140268159269
80.67528204687923,36.98782270386951,70.25513472637832
65.75251813786544,38.071135179305934,95.30555010662485
74.55617275474818,37.86377158505036,66.0747850623941
81.10922589709867,37.21816183483702,73.82184931718959
68.49006422577698,37.0190017390841,61.30144989079999
83.75698018345672,37.06001566335913,82.0238021087922
73.99361310081196,37.30675898636521,98.94905575874044
77.08306250206724,36.4886037174008,80.17465480216893
73.98293387770603,36.87131173128833,67.89070420567745
98.52278184508938,36.16570796306121,82.39087229952642
79.86502775262066,37.19961156130264,56.14603392326938
69.422890710441,37.32359796985137,94.43295401326993
88.22544912103189,36.758406768850314,75.15419753899181
67.79156350028978,37.78699338164502,72.4674871019821
82.08863595004756,36.38711716849883,79.29323942267595
163.0,36.26781255989509,81.23919313947013
66.71813951101569,37.112225909279985,53.58879031132565
81.96861235869123,37.52354915130608,84.13086106117012
87.3846657999541,37.841963845728934,62.09658401577648
81.7136828118997,36.77055786856553,85.69763162532949
78.8435171761176,37.539340416715646,91.12673971920984
76.98896304410711,39.52682908102317,90.197925377626
65.21478009632573,36.91368635002959,77.62504837039445
72.80155791605291,37.441829968743335,76.00849461553756
75.39361229040213,37.32616143920671,57.14379806697059
156.0,36.21180392150787,88.76730752015678
83.43618289568461,37.73827017486295,63.570469022335715
62.36959844637266,37.690045677073726,74.83477114089733
83.24083969394795,36.68721864924524,64.21370464637583
76.14917719583684,37.19790176671871,56.691418149984656
73.23077999694041,37.24701509314137,81.47788484458682
86.11676288840867,37.130336882911955,52.71660174114519
90.30999522495951,36.72484742307729,87.43226170631
89.31280119116198,36.66418831603097,65.87933976305584
71.60782476777362,36.98722296450428,50.00673465022427
76.90787624148786,37.58636450962968,130.58092043285728
83.31263431403563,37.271800077297215,52.34259542638016
89.75545127122359,36.81469283395695,63.80847789104497
75.2082576215471,37.385849355324176,85.3488243727858
78.14341023336183,35.575728689684965,53.13448108109329
68.93665025993971,37.574382850186055,91.96692461780012
68.0379337591933,36.13014311061095,50.19099613292916
88.12525822394198,36.81877952929843,62.34119346009511
93.56240028570824,36.44016505268693,87.04520280760357
79.27989878419666,36.35265926213955,65.81350748646534
90.03532897892023,37.58041339368926,55.094619403300676
83.61636025047635,36.76614939934405,68.0116959400214
73.54880245394875,37.173251940865356,63.51966431922628
83.61395605508415,36.97653971056041,92.13559510802774
154.0,39.64497782118159,65.66739587925716
79.64173960890048,37.038410945530124,89.44662358880036
95.64643655814007,36.35850388790571,94.59360724053673
53.80254895910255,37.49813340972357,71.69087097882648
88.21902504375224,36.75312170841934,95.4971571927196
80.87047068238171,36.22170905067012,68.86590269815964
77.00992649534132,36.78594241951704,98.20392082450542
80.91760776535503,37.75037989531715,54.46447622627865
60.124310853991076,37.425110871056745,84.35096332516213
77.80328112162488,36.82567393279607,74.69070202284644
185.0,36.825371147840784,69.38244027278236
94.77894044741517,36.83918247439131,108.93968988125013
74.81729781726352,38.03837399178042,85.19285458171656
71.91506397106812,37.19096772611578,50.21816348251546
74.98242956415463,37.21502082359554,58.347654437359935
89.15402117702074,37.51514172701592,85.65230253171593
83.28751109659684,37.119394579513255,83.31927067891033
74.70239796232961,36.87047892708965,98.30237525643386
85.13267433113356,36.90182507545751,88.05188951253915
80.9707754934804,36.96419937029297,97.53863538656691
89.68644990532889,36.981388881745076,85.12702507674035
72.97946906122648,37.36381477181849,64.90261043197216
76.72337853402232,39.277905533074986,55.268246112542826
76.07891846867842,37.36632003860779,89.09119316724679
65.36485051867882,36.95964170994571,82.2074610737958
82.96120277064576,37.039317595158046,52.40930061966481
82.6105527217989,40.38110947551395,68.00252329504892
80.05113456642461,37.45816383735124,97.8399907742143
77.65412866624852,37.173244237949,75.02005728551006
65.84629257949585,37.499005054929825,71.63645680098523
75.79354677234642,35.55187231090316,72.8849802579647
76.57285483473231,38.04418735239037,60.444136200258185
71.9772273077838,36.93020518592241,68.43535854323976
78.3871428833399,37.554091408368755,146.73098312638336
84.04050856814538,36.480047036437234,52.61775100937362
98.8618590121053,37.306386952531284,88.37838142589591
81.74577812831839,36.47329221841317,70.82522159519395
82.57550390722764,36.6881155196521,91.10899434082117
79.25554084233833,37.957015676933395,92.51740005599477
60.812287847009586,36.904658799618325,60.599702734932904
79.73486124550783,37.10871643658986,82.86767410850644
80.60230209941027,37.43503386534438,73.6140902081491
104.63242112485287,37.247840943986304,94.00783689607425
78.07639035218878,37.07520945257179,60.787033958822704
83.01547342333612,37.182480501233115,83.89066001550222
79.65288230294756,38.20170779261914,80.38760611263612
68.31321962380468,36.97119060148321,64.76507387859164
91.4282281451502,37.100549523357486,56.83004518255863
159.0,37.52532719800381,82.58198802386383
87.91031947043047,37.552762966478994,86.92987290661654
70.9061254520526,37.59351515278019,65.78136718816751
94.02794310936099,37.31936511101459,82.2416302011157
65.98148937207719,36.428497543634755,69.75654538057516
85.8685709380027,37.81671576615055,85.66034416413089
101.90455625809979,36.426827303490654,59.96076374470265
70.09463674869312,37.15131773261952,94.51075013180872
74.33702270397228,36.62286207499032,64.37047982327898
80.99651365087641,36.9679308267035,68.38929938780765
74.965243458838,37.16438120515174,52.90459760401749
64.49336568933867,37.16067860772514,55.57561061606382
181.0,37.210960377117644,75.7930951356164
69.37696286273895,37.80685563452932,63.379633836398575
84.73592430635182,37.22676715075699,91.77401128710972
70.80575765766197,36.877921682354675,50.734669432747694
95.4993440501754,37.48204358414418,68.95470243359681
72.16746707663764,37.59473524446232,66.86727733845464
76.77938483794324,36.386196092431504,50.966381545880054
88.1351721736967,37.29870003492493,56.21841995002551
67.69135683566044,40.362651827819064,70.68213374593176
82.2745993460413,36.85121824832,74.64322922237233
93.07142754282428,37.68785340665581,70.21448736274345
63.92516765438772,39.130525827454186,76.5468839206047
81.84633858532304,37.06278822673577,79.75658374528408
82.59882794248423,36.91346408785807,50.49619105639178
87.81822871777311,37.007789523790734,73.2047579726752
67.63049289121918,36.4518624565524,98.17496204437941
66.79543386915724,36.279974558702854,75.95161400647743
85.21941565616898,37.797252531612486,83.87711337294766
82.96984673233186,36.576519325840835,65.59319289584415
82.50492850345877,36.50430382527185,88.69956890763812
83.46448209496975,35.92330494319814,88.64607409380575
73.1997527842151,36.68051912615525,76.06480238270694
82.32253697161003,36.33845510329625,98.80069116396068
82.93072473298682,37.82100758006818,56.27751073813267
72.85648581973632,37.504908544671316,50.84738324447905
98.65774511144757,36.65592482741114,88.50791058785481
84.73832920911788,38.12621790267215,90.35777686824413
68.08696502797352,37.490882743495796,56.01036145602881
86.5655360863383,36.83758430824569,63.2791416479303
70.25318329772679,35.75029714256321,50.877618168331445
87.87084603742451,38.14547128629537,64.66543053902824
91.58595579007404,36.3052137666182,88.65709369593358
71.7931768164829,36.17730062652156,75.89802638562895
89.63376129244321,37.51128521600482,67.40477965841441
84.12780926936499,38.21987620316963,68.58696474531652
88.2206015999449,37.69213640925526,50.06768128577341
98.96792982653947,37.28195456002618,64.9900263782618
77.5461188399713,37.29737717083264,82.32293708189653
72.4626383564251,37.426707779390156,98.70972219081786
71.10485570374476,39.27425666980323,92.35304134919497
71.84189715034562,37.14059571198469,51.17974823227646
79.22898290585896,37.05210055197594,94.92803023374196
83.41151974816644,36.96870343605024,89.15992066493129
82.7669079933002,36.62301770556666,89.01880617854903
88.27183249036024,36.859662461566614,72.89978795017858
80.13001891877907,36.15352159290231,132.48468288082674
94.53534077157317,36.95083018660262,65.14578644165962
77.35343166762044,36.50570444642454,53.284742947718286
107.20169166589619,40.26768127724405,61.41176817468495
86.25667347765007,37.08994707557674,62.33018174890123
71.42842443583717,37.696001143172296,74.20385348551008
69.29107501938887,37.45915830300115,87.3722203298347
84.82472415243186,36.21474969818841,73.69049141989733
77.7653721467415,36.505185931714834,52.89222247235803
87.14000494092092,37.47038559399411,117.7260508801725
156.0,36.50875630323085,97.13621595470562
190.0,36.88768342500149,89.25947715742042
71.53206281931595,37.27502604951228,99.56639507821103
64.85152775314135,40.499336554875654,77.22411664001315
148.0,37.05268775307298,98.13841751266031
88.56398794323472,36.332987252540896,53.78025203083754
82.14093744130204,36.6993161780244,68.28403741306857
67.54261221288012,37.15989096707127,61.26906340033829
81.73180925851182,36.203503133234165,59.7916542067135
83.85317379728836,37.2202373689802,57.0401474446338
71.16142563798867,36.99018110053666,81.12068207829984
81.53725105945527,37.27624497720858,89.06609278736525
80.58208718446,37.11195706703233,78.91491997101804
68.57029702169376,37.68207021498692,57.34813547941049
177.0,39.83517736639228,90.55618849667354
85.60784526368235,36.785297229437376,81.79773535818643
90.83051243175277,37.06114875151614,69.40828530634977
90.53802052034902,37.2716490145182,83.70651477680315
66.22330632042909,37.02443003516285,62.995248962141645
70.62174960084877,37.02029584560194,67.25961042471053
85.1503526720866,36.64900415609662,95.87429215659951
85.1378595091221,36.66854954122453,64.52522528357102
85.15047686306048,36.29869736410015,73.49941340789684
118.52731490654722,37.87478837159347,113.65394532151323
174.0,36.378068382304356,85.38606751337637
91.35565640180599,36.653547401102045,53.110161308235135
89.54001763493203,36.6407963672154,57.36515221394852
86.51391251305797,37.44746218847222,50.392079538595844
76.84730755359655,36.852525160853986,81.54608951145818
87.58969220493267,37.623871036336865,72.38367127052092
72.27174785462428,36.663254687878066,56.713742545113774
194.0,37.1394970811119,97.89670605283852
75.14636452170896,36.582326473370124,76.482986197281
80.81874139386322,38.0725745638867,62.09466470564446
103.14658566673509,36.406200790485244,75.03017855773538
61.32734807408252,37.154910355113515,83.98101663675538
86.86260190374513,37.31688844046605,53.81196089867822
181.0,37.20689954872575,63.7351907523946
75.28068134210567,36.907356170561144,90.34827454419968
90.88950596967366,36.935089650133285,72.98324352013306
162.0,37.021905735989556,77.32885710161474
69.22255222070694,36.92649899918575,121.46486143005961
152.0,37.48193955839746,52.194997132150256
86.79597748934675,38.10526150079568,58.2874889910078
72.69633368282864,36.72125410749608,72.27708193709455
82.16458589581976,36.31509851021046,60.459273270396395
80.45571839903813,36.95585897582437,52.49895143298394
73.48399652394183,38.28985466882716,92.18248320259119
101.43944089325325,36.59816271601513,99.0596264582058
86.33919022318011,37.81955840272203,89.65714369983698
59.74857413342393,39.69944911940973,92.68924608523335
81.86454314769428,36.723205879146,62.09885651585227
73.38213535231613,37.284491539592636,98.03134877565998
88.52433334796224,37.81419831156427,59.84628522267142
72.07479261567299,36.81043612950626,97.57149051809162
78.85263558533102,36.89820981994882,99.74096469829755
85.04987278980457,36.70915954302568,85.58614028730244
88.65755194170121,36.49262163465357,99.0571865895911
67.99703592944223,36.67536122746699,78.47698897835518
76.65498764159051,36.38802986661887,62.97708915880452
75.25054688839043,37.01704173412961,119.31223076479134
73.46670767426288,36.61501338447068,79.6780467689393
97.65454240281096,37.11689295589537,53.65407810135075
84.04981710960955,36.22205217689819,81.1171632308623
67.39116045664954,37.16544011610723,99.05889183811473
89.17861947054776,37.41676448080446,123.83620284891701
101.22156197012633,36.003132178714274,89.62975581441916
90.32465260551147,37.187028284923784,95.39493968898097
64.80630034045987,37.61383449623665,97.18507964101104
75.15765927133748,36.3951794906544,98.00678022027236
92.66911149186623,37.83628619341885,76.0729819360736
72.92330534381219,37.20950950468302,98.86539539957519
84.43819428146229,36.64749407212079,87.86551035672194
87.74634053429337,36.97211546117115,58.083571811848095
70.73069528421917,37.27916345626086,73.8450053233985
79.404746439382,37.038002695706204,85.9165587686002
47.58732659930927,37.269377996223184,62.36701579095417
69.7561235866571,36.539663203460314,82.03075917744437
77.4743184860684,39.43719137024069,83.33002395233096
67.5221681803515,36.29314275154751,58.13498719042829
96.32411303931636,36.94438696932565,78.25426562263782
65.69858622039368,40.15417334112307,88.58134554893039
75.59955513303017,36.63223502870512,134.31820574980017
179.0,37.61804658760522,50.60515583880537
94.41273289066116,37.545655060297136,50.45192345396461
65.6413784882056,37.30456906045359,67.85146719850061
91.63163752154959,36.45384361766371,96.30970342158909
80.10233061019586,36.8417957751526,61.43383898018044
70.18491348952048,37.60654884998959,81.71818444358436
84.6210347426327,37.070858456819956,61.103793534666025
81.9905969557347,38.15966476999085,66.08349948297743
73.99783122841205,37.196658919697185,92.4021044800742
80.69802084990019,37.09602455824501,86.44307211349735
76.14686403138239,36.84544176789875,54.76996386566053
81.13517345251248,37.06677045239114,71.43510104932167
86.62130674521046,36.92376508180973,51.458488182263224
95.86016816145352,37.3540543383443,74.04450733015045
67.62184501173151,37.478351158397295,83.1217005850534
101.33033374656267,36.607005269746026,55.92513117990758
60.47912200477498,36.33438352322111,64.44424694545829
78.48214904964416,36.08189731344835,69.89183127510785
85.88317206484577,37.25399566345627,143.54220312431582
82.80991867735032,36.44831669691306,99.66275077114821
73.77300480179406,35.923554703523756,52.24556494978079
77.91877749642725,37.19428930226548,88.0503961747696
75.06999065341168,38.246499758716396,68.58620332011716
74.10635243055789,36.99696454423005,69.622909311474
88.49602097021025,37.41924538722582,87.71324866735114
83.57015485965047,37.04091467927378,95.92132160727044
73.07090404739346,36.95055517340443,97.54642972512741
88.9959987543325,37.45953824149388,78.85612930191604
83.07299520876609,36.854862727905676,67.85605796502514
88.1286211883896,37.13369615703595,113.99285720768728
86.29628841923612,37.16084890309801,62.55006916311501
71.71004989077927,36.66595477317848,78.20370144167589
74.3981895980303,37.49602117476826,67.92892307624366
87.47293605123262,36.91252012165229,82.8315536853938
86.10370265433465,36.62212742025358,62.019945644675346
79.79098406035853,37.2682549217852,59.57964728674129
81.17327383308782,36.55076600910448,95.91195433377186
92.77664895788425,37.014090578684566,55.09018414747685
74.0842861116417,40.1888922198137,114.48516522096097
85.47097381170038,37.54294778291579,61.04263914815044
154.0,37.23734911643998,51.94649816628337
77.82318796772779,36.98748652062743,51.80094091457132
90.9877685198719,37.40888314960014,58.76108860529136
88.2541634898803,37.69510377450866,93.33851772530002
88.13509636000639,37.278905153175934,64.12393719885134
93.05478807154329,37.00517630992169,97.52295852876479
80.21003841632759,36.34408188382492,79.08111464945968
86.81952971294965,36.46744316846231,71.8307094884383
76.89733243406543,36.847387647822664,79.00444173347273
83.24166352488442,36.69524389892036,75.83491926131339
78.69856945632316,36.90651434850728,87.93881268786626
80.96995964992718,39.59679855452614,64.12480329864262
85.95157025436913,37.264846377178365,67.65251958001512
71.81779316766527,36.964750610970455,94.70471512666253
100.9238727568546,37.2432508219131,97.32282565752027
69.93982618500299,37.03223720740506,94.62791137432373
67.85811387212269,36.01226671682306,70.97239969786568
187.0,36.530332303090624,89.01827515034408
87.91662693962935,36.927956222139194,73.81678666505493
86.24119817052156,36.395152628579446,74.87699260730511
86.2834550926428,37.299964364998104,60.234005452864196
79.87753227153085,37.76537541617185,79.55651516292582
71.02745628514168,37.60938092584866,59.306794887667394
80.75804558193727,36.893278564534896,66.5782349533597
73.22838288487888,37.74536306842498,92.75151008099675
89.7511973341775,37.074333728601054,60.35379046054276
78.52942618497862,36.83145701444098,53.557914258671644
71.74502803207488,36.69329866822953,53.45037963064082
76.78614158347007,39.417964594672554,97.03922602515539
84.12931454275625,36.80591159072939,75.34602189809173
74.36275447196026,37.08520811118775,70.47060359085091
71.77779604433569,37.08028699052493,90.54392905039592
82.43687211491913,37.00152301007671,91.79129639552579
82.44966571108722,37.21846908487318,66.60955165578022
74.9305682462887,37.59532313739317,84.68090287368976
194.0,37.47477706772066,88.55614079259433
82.32049937357637,36.25755101577505,82.73253434329773
65.51915658502676,35.72303943254902,57.57975374000497
65.92536225623445,37.467159955619636,93.79415417585285
72.81555778747564,36.31656065079229,76.95472763680044
77.86552848288153,36.88761729905366,64.12362131850018
83.10907565598005,36.41494348697032,71.2614092718847
94.75356216949552,36.09900978120999,51.87855451994537
88.5765962320202,37.270731364102396,56.39334006112088
78.40061470036574,37.37957758015132,88.27733752579304
79.80983792097311,36.71174479963664,118.16323914643134
69.97470635362191,35.70447885392755,70.82829142411461
79.8148686400761,36.72687777587376,76.12550905427942
77.11341361079862,37.195902002701274,52.731721000048616
83.22718560338089,36.26054421561294,98.65390814861664
71.72769056447677,37.091679959889575,61.3062665624836
85.19346514241172,36.9923450754135,65.20993598181404
95.32738913002578,37.28964574980054,65.19712561275136
78.91239851543142,37.059790184207074,61.520833105867496
84.01711722098942,39.26268471019553,50.07369110431557
86.90143991711112,37.59828575083225,86.46723970439982
75.98779528114164,36.920735213486516,98.34227498996427
82.24092481810416,39.22807285113674,61.21467416425225
80.12592400781794,36.533366020463404,83.15235959017113
80.97676098548831,36.77835887440425,87.09481634793576
72.26990216144533,36.55759864298655,92.42126895452623
80.24510174258943,36.91352697003829,71.13145985068046
84.9799829124545,37.855854240071174,65.14654528202146
94.51143607795042,36.314049428534325,66.26475670115155
89.59270826085206,36.19321930106163,85.63106665492563
101.53182457511556,37.735585163746805,90.8389733252818
72.3265243711195,36.895338161424064,59.08069838783013
88.72320636720679,36.66546363067004,68.54705040788826
81.83342005738352,37.51995234369804,95.0970098374575
101.89802933217672,36.69719223013157,90.33467598473696
71.91701714644849,37.91300485677347,99.2429201381238
71.60278157819224,37.338962935669635,87.71241298410403
74.00607354555977,36.75604429592715,69.65976005139612
58.76104275690193,38.078654106632754,79.53189169973189
74.74244978319238,40.31110765995778,83.05071271236602
72.40867338446301,37.37104768600465,53.922790815856196
81.50393786476208,37.14964629020324,77.22484795519325
83.4175597577716,37.650870644699395,85.46604142363049
98.76170839215887,37.78075559836343,58.366065200053015
89.5042383818605,37.016002074532885,89.03158587127785
164.0,36.62329106482691,79.18863902570558
71.01585328651642,37.22998607146956,97.61108928487974
84.91919171506505,36.661142315123946,52.12111491034459
66.79766792979358,38.00669362376331,63.266306877773346
98.31458765854353,37.06826766554137,80.0776939649912
91.79440120721287,36.81733922434395,64.82799561029654
75.30824347895295,37.09234015293245,85.72120820356211
62.868654709091224,36.32643685523515,87.95026412609656
93.53872374165412,36.514192980744674,55.125798203323725
78.85460154747382,37.60020695397221,75.69272321033839
92.37816311973462,36.6715528605143,75.4445277795528
64.05572341205632,36.47654450865903,68.46403851077706
74.00624977046228,37.268326376263644,96.6462431284836
80.05243699718183,37.5928520773315,91.37531599366106
80.46980593764742,37.359476655332536,84.86046909548185
75.49934528520757,37.49802384290291,85.71633178674988
86.22849932347499,36.62160245571527,73.08580719065596
69.32379570617405,36.289094666629076,96.0497260548288
78.57620514978707,37.750666825977746,84.72977136266427
81.20295631711899,36.83866008057893,86.44905308279081
85.14438834058748,36.874583491772476,93.08454518936726
87.11614878088889,37.66409707092453,63.70357946710955
68.75357908162131,37.27811500470033,90.35354519333515
64.65885829264377,37.227943886040805,59.7620301478246
92.7767682189851,38.08250117245054,67.26709761224438
83.32314011979592,36.67824088480993,66.78052271349213
72.51513463443446,37.46392006404062,98.92627341945703
95.51151975522524,39.00098008614195,92.82686118739633
81.15674634292859,37.134296139431626,85.05849307951298
91.79297184063826,37.764234213206265,86.35283808076952
80.67518481410109,37.25391787814481,78.10363972012856
100.60747924881987,37.269148039524815,97.35453335542596
179.0,37.5362536686549,74.81293764411808
77.51035851520926,36.81752363522856,69.02588549349473
89.71570950954356,36.5803951663305,58.15176684657955
86.45375949585147,36.477595402989486,89.31028261305289
93.68631557532349,36.016821705312,86.72219660377957
70.35076539419896,38.02810356497016,69.21775192620674
185.0,36.44839581713916,51.25967069796147
90.58424486849587,36.88937318820712,91.94986638590053
62.41260513576886,36.86159335005554,50.57089917270368
68.16741487334225,37.15370334890455,85.18498898145255
59.607678222398995,37.407868606269645,98.51285548630285
77.30593165555442,37.43023674417987,71.88306640741017
87.17542255795962,36.70846128071553,61.74867024979764
95.02357052096028,36.91643914310679,85.24355050216909
80.74094780419775,37.14128997524415,90.85640710077925
96.28615545571292,36.87565443690823,77.32151580389237
66.19898541785109,37.80367278801,98.35176376280731
170.0,37.245487475819125,52.583436082898054
79.44452301103381,37.36743889302491,75.2397799152264
83.84065448939307,37.33144063433371,85.9226973661275
79.67305251905907,37.58673692874266,93.13202355745895
59.325578999601234,37.09051077935185,58.9627805953895
183.0,36.351584026022074,90.00017408818407
66.95530499495146,37.19984397587632,77.63535378592726
86.69672548830039,36.674321553104086,69.82768409949816
149.0,36.73569165912512,127.78486392094206
70.60120213672644,37.293182009377546,93.26478794544562
74.86133082663306,37.61914153571682,57.863660408985766
69.40786478111049,37.01063578836803,65.48939296045496
79.37320902726829,37.154416506299484,64.50227659812184
89.55142320501238,37.85110747231762,93.57070170954272
70.14273953664457,37.12037658974428,83.63514971044489
85.04046515517844,38.300841557090195,89.83406985956861
74.69742381627559,37.282754822815775,62.52339493962495
72.07127167737656,36.11961862042209,81.24370498034995
78.92969640045442,37.37667081055227,78.58729915718743
69.64757677580626,37.19057919244139,91.64151883941355
74.46350694652818,37.64487637704137,95.30435302406303
68.02122107411151,37.33659067563498,120.76859625045888
99.6472513291639,36.93077200800811,83.70099595293964
80.35263551971728,36.387850881855314,52.59178995598645
73.00274492007415,36.89548837135699,77.44293325386779
82.13979910734221,36.57473977289535,64.38163645218391
78.8767195030917,36.709738275097635,65.33882997610706
77.79030400466777,37.29428920221031,67.64792517261783
86.14166700043425,40.19659839502232,81.0646224524805
87.57507710047305,37.19733576491149,66.70249828343846
74.69498852389472,36.40205846898241,86.63495252951401
74.2418175935532,37.22230133411007,70.22636927869348
77.24948302848355,39.32731130182826,53.41766001549793
56.980788352644154,36.695108547840306,89.18799212420537
64.84808937801448,36.93299141666354,64.2879162296353
93.66874267444524,37.0073440973646,71.63834397996314
96.44967713501283,36.60755084345888,84.27219416109509
77.50963960443622,37.32414021692193,66.6228078574356
85.76556963055766,36.93952592569611,52.82928280733578
83.11250154543536,37.209766221953515,68.69605235064068
110.78880808455239,40.0091469216187,97.22242913471517
91.19574911434577,36.78127084983829,82.08671986492791
78.72082408519233,39.70210358135144,83.57395743336035
70.44459559399574,36.813583423954114,81.61410768188199
63.93553679742428,37.8634819256167,59.94960694797184
82.03463635867223,36.8001819071927,70.916693205114
72.43649254715697,37.11234236287594,87.5469899181659
171.0,37.46629541593654,55.06864487765796
73.53427115757474,36.29081713353349,63.892638804485614
195.0,36.11959559400961,63.81595542329268
96.87141635072564,36.23717184271495,71.6009463797253
88.81639756949451,37.631292051713594,99.01843704710924
79.92027358683383,36.72407092705377,53.3751273341911
94.79944138890026,38.279099642834126,75.93504971902975
80.77368307647619,36.717876200671306,58.96823410061052
71.38715798671737,37.09227565159852,124.40005822936523
95.23124077269657,37.771054976283935,55.66517523637321
85.38910043684659,38.00304644407956,70.18005011807956
69.62753845673544,38.0307517883182,86.89424924173031
78.09661321916391,37.60418311529657,85.22772140137226
71.24381746615242,37.51203126290573,71.13643184469662
66.17200269035663,37.29626347460059,67.32620839763591
89.26177547531641,37.389180538083316,69.88061892764352
99.0941664047013,36.724407141835734,63.213813157931966
66.01432426180858,36.590900558288844,60.26664693533999
85.62969236690572,36.99831277129452,74.1519848779445
73.49357430878173,36.914907688737536,63.42668780338037
75.12874616235304,36.77338597533636,64.3730832448625
74.07606075761132,37.34819372372836,82.83780317372785
71.36009230320184,37.477652604285254,98.42686658499461
80.48521627944827,37.044203443145925,80.18186002796875
71.69049883588963,37.73876504052763,53.84897335324831
82.70456825779839,36.42915544293325,53.77918069270335
79.49761890550863,36.90317027036014,97.5711610422783
77.6105195313359,36.6415888396986,64.86453951536669
70.92436337958402,36.06673169146347,54.60334930412377
74.23228669431667,36.95865965707865,79.95222935751907
87.55391225825755,36.93912624580836,81.18243891451331
85.00917187624381,37.75672487162107,82.42524100593441
70.22444755201448,37.315405842277386,63.37010139287706
80.99332305429226,36.4879065878354,50.75553421072375
87.5138712337179,37.927046283167094,98.25076847272359
63.305947188786284,37.610516847762675,62.54465228455513
85.43360192379934,37.29104885173431,83.80131440262738
73.37376241054153,36.88675795057508,85.33149349393548
85.70598668593159,36.52028038163826,80.50037085397429
72.36740843457483,36.81389661196447,65.64536971068242
61.95117899335481,37.544374309852095,63.554812688203285
63.72457562116837,37.9422931529673,79.88341413513515
80.48084946661382,37.77162176413609,93.30478168058457
82.59722501721483,36.755575289106865,97.33668644616978
70.95683374895592,36.440191283355496,55.29529022018788
86.38592458777374,37.070443123455604,57.74143062988599
63.3847993773104,36.11578031721857,97.23681293915399
79.33920201352683,37.16158385709239,86.82676141673963
67.88983800237543,36.92619870685066,94.14969124148865
73.4816389219784,36.76698174906588,60.13163170676716
80.47398671316414,36.202648466366604,79.3792935554701
71.39586634716048,37.256800053284856,85.05697972087368
76.15444455770175,36.73364958016904,84.00559427234863
90.0629280921444,36.41504158214486,70.4075845433349
74.23108130476851,35.56386889335918,50.76974458456542
88.35692112065142,36.98624254747468,79.14630284021315
68.70293145342382,37.886125798334874,62.65507695898044
85.29804177915283,37.830629607273934,72.51271230714451
94.41568620657901,36.771451871706866,97.87905075419087
55.283554998727105,36.69889396981911,69.95176588212173
72.03104744529523,37.23438712803751,91.99008033322133
85.7707212718054,36.50080728040585,59.42703028746256
77.96954613957007,37.15089594990973,83.62302490125144
83.71145873371309,37.383040139192346,98.85034772194717
73.9601481328418,37.61346661194215,55.09465504364684
154.0,36.949922961760024,50.4159971113596
78.44322764607921,36.89816312491152,71.67913963163072
91.67782061659807,36.56100870662172,54.63127415256836
82.54420843301213,36.58655982298007,87.41921748381156
83.37602662075201,36.88676055404924,95.72743319242795
75.88123033877532,37.18368275340809,71.70104863543794
75.12393775927507,37.45679231311662,62.93558210777205
75.6744181218038,36.598410524659826,71.72016595033048
83.94452142378297,37.74634428447976,86.17239089250005
75.79015519179737,36.86443819947871,50.45270807901855
82.89774856896413,36.98931635282578,79.47269947423486
100.75400798645438,36.62639416042609,80.66458424436895
88.71124703431693,35.78787986986353,81.88441234479677
76.73976467832159,37.44202269818052,62.10110399904386
92.01213922163944,39.33075639515347,85.70263616890634
75.91924626978448,36.85933622144089,54.56957431658882
59.61875464822146,39.856890704905645,59.96351682334004
69.91913689082595,37.25796960885205,93.87350233272409
61.29208078974145,36.21872707155673,86.93615753632832
76.48486515958692,36.73547366132685,130.04052926214553
80.18418379189552,37.397132339810916,62.41881301849001
96.76437312275283,36.37285528841537,60.720324149658225
83.26927373764163,37.14677896608332,63.54031640184863
77.80899471191135,36.3217090976883,62.377988513994325
88.2940558118349,37.23321499121676,53.126314787142285
57.88864690992115,36.98217925885126,72.94702582984101
82.35614558108566,36.19243409204724,86.63667373930826
87.70865193886966,37.582369677228584,80.33658623587182
65.21413754220158,36.632704211600974,83.643583429904
91.43754043206928,36.59487378149281,54.05745892681196
83.38496407494414,37.100284598615474,97.57453550883936
75.84712086099199,37.574318674714355,91.92459169215124
86.32781866106285,36.4920890905108,90.25451592478314
102.70692857804396,37.03083992492399,91.14919025208837
81.81866255058495,37.214408250165285,96.63552540663807
82.48220586300336,37.346552803631575,77.21269830568488
75.40639100459757,37.08822077763861,60.0141008933813
71.50155630535208,36.81648608045834,80.83918039262706
157.0,36.58620488967564,87.14407468339695
71.43916174091133,37.04307194152319,86.89586966770128
80.71566237219392,36.463930494007194,76.072451208344
75.22342553234883,35.5393247582527,53.42293596667891
84.78979825746391,37.218279902078834,68.5556469215064
83.33662105286949,37.4519674205431,96.03833042316786
90.375399442579,35.81853378222908,79.2224454878713
74.89983601145254,36.49513464764503,76.91659716278568
77.30125064706628,37.309577130502596,63.44267571910967
70.21236284217693,38.02874773485585,68.42244599582895
75.55706739923889,37.010396853837705,94.76730445765847
83.77300493044852,36.63599852938543,83.3231523763418
87.56988616645351,36.90855177944758,89.36935133761665
70.77834675822375,37.68743820957409,72.71727115338275
88.6960592010566,36.67701791043773,81.5123609728079
93.55637858804951,36.60040399667487,62.41918043716038
84.13434903223701,36.75862823890898,85.27304151417431
98.76795812558066,39.42856135149133,71.38006668516687
156.0,37.0613351579974,72.12727574073728
67.55345296688583,37.81233922923478,82.46611622884409
62.212797510957216,37.16153963655801,131.98324058069647
94.96044311489183,36.87382324893686,53.20031733043105
86.54365656354058,36.85409436554223,91.23716186735038
79.44415329089544,36.21840459565167,64.61915552060965
82.7996862631982,37.44155488857358,72.1959727253189
68.74510952701624,36.9610814014936,51.09566643875045
104.45751979616827,36.909760043204685,65.05230389171565
81.29221181975228,38.59655378392243,75.13156213150653
81.09394794604893,37.14937645418284,52.80880386737195
87.25766623898691,36.62410447495241,74.55478646915826
84.81009231736714,36.786821201897226,96.35553144292138
82.23884024279131,37.574222854598375,55.26966090539026
72.09525544554688,37.05663520526888,88.22203640377522
84.71468357135996,36.28086101084131,70.48355266879963
98.82024496475034,37.4596144672876,82.7586857262169
93.45420046154977,40.45488978801779,63.01182989926147
95.93186626639397,37.93664888810877,57.97461312706791
74.88784323568815,37.540024032857325,58.02313071356132
70.1039517974142,36.77633905217063,53.52459728215723
78.74213079900352,39.551086093045605,59.28233524506215
80.55724912288694,37.033927755263704,83.21096924944841
90.94191518470949,37.42638683756111,94.08453059217541
63.07535370285181,37.242366408647236,90.70628427955809
95.29550319460614,36.576821672504565,84.25671549372422
78.4199210142101,36.67822508384127,55.521593170555136
75.7311893005258,37.51498040879058,64.45937231479749
69.87895624739832,36.83261233394673,65.49034376612344
63.451433281342304,36.798175768379004,62.49784731988106
88.23170583961914,36.522438710325325,75.75028298548615
80.73317967188405,37.21179953279673,76.77769074398363
67.10039100258946,38.03126245962157,67.84429875855551
67.04921227936384,36.466233542872864,67.6894579368218
76.64215300709871,37.01210972833638,91.42777989530407
96.69021525289392,37.706110277707715,89.46464241598429
77.40408648636395,36.96017930437714,65.38979158403728
64.96857046881894,37.22618589812487,95.68942219366296
77.54256935914056,36.46880323592656,97.6407508501253
77.2727643025233,37.214153548603825,66.33712710150203
53.03113357058429,36.906427867497726,67.72124743965274
79.45705133482188,37.49286499783993,75.28170767109793
77.69065469791322,39.94099340263602,97.05604062668368
86.96206364813418,38.29478182100931,93.81597165711557
98.48956094945345,37.28981658660679,55.12839812917949
91.26565029547757,37.162898158291085,69.63653716357081
77.3111130944517,37.097192150788665,77.6685594874886
68.9347409125833,36.82341685359466,75.156623627577
105.7335980324986,37.169241921730844,59.693153396844636
80.59218434014488,36.85229929493048,92.94083855840773
80.13929291912946,37.08423048813481,83.84703914984186
79.75874912889996,37.65879876780398,91.89541874259018
81.98084760767856,36.49672871736018,92.93821396747362
78.55639588076058,37.569939280564526,87.41779268328699
74.26337993119763,40.39068567279667,71.96053006248587
74.53141058759608,36.94096573650446,80.52733775077122
79.67246729784002,35.9390725504957,58.01827030598716
74.56575228866235,36.69608900645278,83.68227087374538
72.87154217322836,37.648497273280555,58.96266278696404
81.06430227691897,36.98856596885056,84.69747952550784
77.45022782579144,39.89536603581998,61.479908037698436
95.0399298858269,36.74761253938589,55.877565007510995
53.49030191606988,37.420310013252276,58.26422450714787
90.91506851922462,37.27336678410069,50.09960676095351
92.4608519249763,36.880533950415156,85.9369808926765
152.0,36.816587794092655,86.62005245291896
76.57312405919652,36.80412092547809,75.74666749566298
76.28559134004209,36.53879490775075,58.06814005276918
65.92488305282178,37.80768784473472,54.177716875534486
72.22183312409125,36.83883976539433,107.49862647641177
68.89424154534171,37.608579260412746,58.28740884826104
97.52270443423623,37.76065802596123,94.54277674915733
89.35678393147461,37.49915544907398,62.07684208508409
92.71555094994159,36.78418984364097,67.71356636086078
87.21672064043236,37.201865045168304,55.26727422406666
68.70948228782771,36.98790219680454,61.118065237408516
74.75479733720226,36.54814906963494,75.96122853901025
84.89374561227918,37.1621796408608,80.38763415478263
67.77872191108054,36.410480104420095,62.26761570831055
87.12998430172388,37.59383969423078,52.88660796125586
77.59674601841866,36.767691351350805,69.55164345636993
76.25179192450402,37.10057982793642,61.71016854631671
87.10959968203491,37.14164393577307,60.9776961614901
84.4426331148604,36.87054751314796,97.99314013567276
76.3903383418092,37.29334690073764,80.8150242962862
91.59329803364248,39.37450342911035,77.8439221586048
69.18936672400102,37.43564864872862,70.78875517616609
86.15935606944264,40.12539864590826,71.44721667150722
85.93101257968384,37.063189789773205,77.04525019190405
76.9045356068601,37.969464499529145,106.86746252323857
83.26133022242118,36.499834337697216,85.10730480909147
67.48886423614697,36.66112751473757,58.58469538527248
89.240270192069,37.25695392482946,75.00563760383135
78.15097863557011,37.0897908909698,138.72417026913638
74.7727697948096,37.17531504963678,93.52634831346921
90.49009225836889,37.244593565073835,81.57094606091883
72.9565630945724,37.31736073428088,76.62520332079909
65.91538703636441,37.554849920978114,55.76973210894587
64.43370826476097,37.204909328464254,80.28189446617057
86.0600995134564,36.87937117269073,55.860195284011674
67.19570647503717,37.33628685060137,66.8603287782876
181.0,37.94994096744761,57.14209824071659
59.18070592116278,36.93368312680872,84.60368235121845
96.96456368290038,36.51273534766468,60.31260569180763
82.11017467202619,37.553540334643486,69.5929686594013
79.03286888129608,36.9398094180232,94.78373888093893
74.5508091319105,35.91366522699298,60.21581916994852
83.9913611435207,40.19388958071525,75.39025319793896
79.62365297575151,36.732335907023035,70.9635830583011
91.03301882016521,36.95473335884792,50.90620205228649
81.1422764866204,37.165990165284505,89.63790567864064
81.50301761461877,37.09524983988953,53.452295315729984
76.36387787786144,37.35472590856952,73.71275104884768
144.0,39.060088678576044,78.03391474694749
83.0780176889206,37.25655289908804,81.42132283072935
62.89831607343375,36.870226661208044,84.43158146539378
66.51814577894287,37.369405240443754,62.663619176135754
87.43264094022715,37.307683742006525,50.49893883292247
81.70865438127942,36.532280648977704,86.17218311774559
78.1601666364732,37.542991058087516,76.78282996737893
80.18433933065393,36.732018277442975,91.80588516036244
83.47581705361671,37.40402889914057,91.06941814503472
74.60240319690638,37.18364365670067,92.16630838939416
72.21695274597687,37.91909183839756,74.254732998977
150.0,36.888267008814076,66.68141979184328
70.21627222384969,36.8253416019409,89.5779101295685
84.08252755714472,36.99029019705613,72.56470565146275
62.9741639576216,36.84841010858286,59.17210982017173
90.29155637325644,37.399970950971024,92.74870097807371
84.72597482413043,36.191844695781704,94.12799383861736
82.56029734313876,36.47315879042682,73.31548780700851
89.82690983945514,36.46609853921041,53.784986365489374
96.65474444462576,39.140664789385525,69.39130449584655
90.1437006501813,37.855306686290966,90.17688297313018
61.59125768668355,36.947775390731266,95.08870142731143
67.20423033264298,36.915589138405,60.17363712487979
73.75181422304321,37.03502608155659,53.348680601263574
80.26091050210833,37.580939151304094,93.86752265664194
85.17659020469122,36.536323432904716,69.47024694894377
72.74256186846534,37.11918449136739,77.08804821337816
81.86766764477078,37.487598814891214,98.40329060253794
72.44617067646678,37.250547084969924,53.328236395711144
73.88482197008052,37.09479080829937,82.41590037260478
65.93338903151778,37.50052304628357,119.94925069262948
70.76766753889096,35.648383853500384,68.77344642332503
66.48315394383667,37.338937659765456,90.19072725967234
70.24126747022667,36.672962158436285,71.67361163778172
90.5364179660784,36.08468355157177,99.85911769514752
70.50601111168056,37.25560129976249,77.9529642473301
106.32382064837391,37.68682927258148,66.05810763179767
84.93317900880889,36.931275742686154,61.00556629523766
81.84836123694873,37.47643727360147,67.52602671430809
71.41642219818786,37.806139128994324,68.62666368797754
87.00309879408991,37.657457226792026,53.43568388619805
199.0,37.8199822646857,68.47870997133866
81.22009814645361,37.37106374553595,73.21192598696125
105.60084538268795,37.03771681945079,86.13688761194024
79.03940100275351,36.19901709405141,82.83647423608039
91.49273326285676,36.876968755935025,85.43828276145771
72.96823574874112,36.578376702341906,50.418184093842854
79.65011509503039,38.085471358748904,60.8833699790268
97.7080063563551,36.91205709378383,83.08421441999283
73.73032942212232,37.06160240339224,74.19946840898736
98.12448557996929,37.27574268802023,50.2656737834173
87.07751935455475,37.02180122318623,90.22473212159112
74.37533224105732,37.84752552021538,88.64047866451688
86.3240773905552,36.68867531913278,77.42095814967813
89.7255444962673,37.09730372761862,53.3231662888136
86.21809962217196,36.62876470715098,88.32575247662923
64.29775280109544,36.33998874438965,79.1856793865682
72.72862824175131,36.69411545454736,89.09799885789795
77.52481364448495,36.98148160147579,87.58734961979202
79.25566570899954,36.78534888774137,90.15010359789186
86.20672097550678,36.65378951006307,75.90040332023125
81.77701000933254,39.32806470048538,57.01622590967575
66.64655641289899,36.95844721368565,83.55787366898443
83.80197851005963,39.35721998049854,81.02368925259853
86.10585745283824,37.380027981844805,87.11265935995436
85.5979044793104,37.04121987646725,58.49405030253676
90.80780725554622,36.27122425026754,59.74875999501446
88.33922154548904,36.84539546147507,94.52047586096643
84.59180079228437,36.62392179720471,87.49888992260354
79.29834288541353,37.15958725520959,95.41142443501614
63.39039066484008,37.67022522301157,87.93576605819604
84.29618219132585,36.062413765177126,79.8577652995151
82.07687687163111,37.057513039573706,82.70663685139368
194.0,36.91993360221668,94.45639619700049
67.2325142417969,37.33567003822523,78.94033772559703
69.18943459591738,37.10659831411884,81.61956621641937
90.53152853332904,36.62401533413059,133.6692615370999
79.60444846143345,36.84047303216669,73.69606100580513
86.81500697372624,36.60198707159825,85.81985559790495
80.28318376130461,37.5380035692993,63.54713491581827
80.29756139495746,39.311311404308555,60.112709026226746
89.38283805975998,37.950595342876504,65.69134041122078
74.83955271782627,36.96966959309269,62.075031399641674
80.96120776940984,36.64579661654477,60.745631851819795
75.37724711294958,36.24314280369359,71.24254214340435
75.65503772567685,36.09843016187203,95.3919256941767
76.90827876531361,36.207932028497254,75.35298233693591
170.0,37.13356332550574,59.39601904076615
75.21251378336522,37.254362511614964,132.8827167125215
92.55756125573521,36.209404648983934,84.80780725689627
71.05392697780496,37.44751915703806,69.13993822181939
78.13128355838641,36.75846947415828,91.09154732926797
75.60268941725825,37.073396505992775,82.97553843203852
94.46977884353733,37.806110314127714,89.81207252706842
81.96554776511574,37.44841965793277,63.59730197092244
90.31844539468635,36.86573467604708,84.6179461230529
65.14439626963028,36.55440388729236,118.30445437256184
82.67050265869258,35.92409229933535,96.95342397251457
88.89630795623437,36.64042334037879,81.81871407666873
80.82283989275425,36.894434880586154,66.2255900087671
90.65480375065351,36.50641023642441,63.47559311461363
74.82711549899628,36.93437151645385,59.54632925358217
94.0934744018558,37.03842594147938,84.7320479446864
102.9889812361925,36.88757200909596,60.935780649896365
76.37161439560342,36.67499870958827,79.76516329637445
75.54497478599228,40.306003551188276,63.23175134626787
94.533844771177,37.2209703247847,83.09844723969343
95.79572145730712,36.45480046127858,90.74698642702697
74.77139972846732,37.705466189873135,88.90126215723265
75.79813182904142,36.95070593385787,88.04256654653909
192.0,37.00942481147242,59.3861202846126
66.55549488965723,37.35410721162828,54.419247349225934
70.81348053515802,37.11660806563175,84.94744142436929
69.95859233247933,37.47656831695662,68.41736068971757
72.32202434895872,37.143562082600916,71.61731132016736
79.65315112613219,36.69378131267978,51.55745463966955
82.3421473253652,37.18075176260305,62.97882246375246
95.50500492814076,36.428136896339666,51.6838201937232
70.0164595926121,37.054279852888264,93.95928863006239
89.84322398476584,36.98338500467777,62.16983416092653
77.86011155774491,36.89594157136373,77.8668584786504
79.50536290347567,36.93573124428053,51.94896603305652
86.74819492166604,36.05907547725118,83.3423695652829
68.77277978437701,39.729195727822386,66.15136728770469
179.0,37.04642245057056,94.89595934788329
178.0,37.0799281959987,94.4059094467018
84.92451264008149,36.48616242953702,66.26453091808739
82.89168643907819,37.63285392043235,95.0480447845234
104.55300139910895,36.56691257589275,99.80788367493895
161.0,39.21450168399859,91.2707832061974
74.69003044998182,37.21359718093584,92.24356738776146
73.76859473575236,36.676886345078096,62.450436805454494
74.44522880839746,37.887655446304755,78.83511994288781
73.62612872693482,36.40318158412176,53.362795698368394
91.89016531107552,37.459577086805,54.745896841083486
94.20504247989855,37.50029115902149,99.94463060166453
74.29253706250523,36.66468989546168,66.33196247129555
71.67644426895771,37.696232650032165,87.40919560244231
151.0,36.874976742700525,90.33325265134081
74.47776955719029,37.14434681463993,92.90116355036146
86.32931817755511,37.13016091938561,99.88141487010782
82.029230208513,36.932845629264726,62.07482426284339
64.84255885002769,37.40540413657989,52.017541342984984
95.47505201330061,37.39674436027611,70.5595758997293
97.95877673095522,36.12573401338091,56.504033491447345
73.87211309515614,37.65217012143908,51.12129445810275
76.12298440064016,36.168754005982166,68.0213413570743
82.85865390724905,37.51627310217083,89.18691255376183
83.34456789987026,37.56335256841379,78.30903456125354
86.5854427267283,36.4545167848924,65.6388994605177
100.1020453876635,36.79459285602271,82.71710027463598
78.2305277250595,36.44714766575703,61.600909015440536
72.01702755461547,36.89253948485563,118.21991577784759
66.20680771985472,36.84598285790713,88.21766932182138
72.69069960058081,37.38983026613467,81.18715424320045
79.66873027126204,37.6551543730598,88.115131225048
97.94557863517788,37.69784190539498,51.94690083438328
148.0,36.71891598671085,91.85598139153261
82.23787951638899,36.89538906312774,80.97631000181516
79.83577103927247,36.158280903889526,78.169767535632
91.88393273448084,36.59706496675191,81.23070240572657
105.26932425873622,37.48242581654873,93.2216623434182
74.6913122707968,37.80779141177412,79.34682532794535
75.10560557481777,36.38282556406004,79.04751899440896
90.44160877069072,36.703767870423555,99.53395785328829
86.81891489626311,36.98679712152054,87.8365083534284
98.46707325736034,37.140080579409805,72.11469027255677
85.83928185325964,36.595198240039174,85.36985000164638
76.40707909212941,37.21203052223205,69.46152358458943
85.9065483069231,36.76308032646454,61.44377312417495
91.08703580582907,36.99277386456086,79.84259384438798
88.20482181197364,37.27314212400185,96.40910490569757
85.07274031107298,37.00321113490547,96.45697600077314
90.66674689589154,36.78180705473672,67.09526390527452
91.69295590445672,36.94519509803708,76.38387331108476
93.82158991037527,36.95581852039733,60.58179492849306
86.48709887589642,36.81499448505894,99.78155547494417
78.32881919683146,36.87060196866645,131.8781589159061
81.46713686433323,37.79932358525236,82.47544648537237
92.06508966508358,37.28045972397062,90.22070298387368
71.83064329012764,36.85225984098542,85.755008064185
83.68673308872901,37.34847720225537,79.6579109519734
76.0666118767264,36.833090255121995,52.667399849444884
80.28744822934817,37.58656231879332,72.73821712763305
92.78451862607298,39.730898031150076,83.73931510837053
81.91099068019903,36.94634892799789,83.87658069418424
80.46436548156149,37.22385846290514,68.65613092111917
66.40143859020081,36.21456192396575,97.08459933290152
87.46253566027221,36.4366162655451,58.36785161183905
173.0,36.40303749680047,75.01797231077803
101.6325472330546,37.071471547381854,84.54419882754114
76.92221765046999,37.866257499742545,84.85679029459047
194.0,38.11565007309632,82.43194783844078
82.49383683710755,37.319025550720376,63.76441067259301
95.77453279763475,37.25042223747223,57.8103284343311
79.04704467613048,36.09947113292363,81.79701634133554
82.7902152577034,36.72866310013299,79.96510580697189
86.0789650971654,36.60610812404588,58.96780051446205
81.86609123156359,36.68957620087444,85.25695727852818
75.53566385449471,36.9159280907076,72.75859958668282
81.94089992898307,36.763954711151435,83.38802958015765
90.73631749859771,36.010350094812104,91.86835398850754
69.73484700588939,37.37395512805877,58.48642142884616
81.32969674146877,36.463628487130094,50.957243399841836
72.99879185060827,37.119623432055576,88.95512931978934
91.95046628924842,38.037041334874985,80.4848712576308
64.76813095216225,39.394871019777014,84.98197848110608
74.41078152728412,35.73485623862683,91.90774874943213
83.7721187506452,36.85699788905995,90.14054674122502
95.65524029234341,37.55047981749929,98.04600734644123
79.34249738927012,37.9791737271103,76.7967539426059
74.44800473306802,36.38522520277379,74.42478163299526
98.8115706944059,37.24834961161826,70.0943599945365
65.51986099583756,36.76734477160997,57.68455214221023
58.01194043379918,36.947025822847934,78.63036164410113
84.40014450053333,38.32217167350852,63.85062621629894
74.97945775647389,39.561822365069375,96.06537561064877
69.78767182869287,37.12686983074729,79.15954021385488
87.08356447299353,37.233846585882716,134.40225743154062
82.43800713771199,37.542893162469674,67.74623304385051
74.35921369263272,37.048991576735446,52.599467598885376
67.19695601329106,37.154025269752054,51.58718826864943
88.72457328280144,36.8041757162891,71.16675720765987
86.50201177958661,37.13456347062255,54.22826890486189
79.00824136220618,36.82840386225129,80.34234777700695
98.46636996047665,37.31078594492803,94.04865028198287
69.29915233673847,36.81519483197818,94.14574082593612
64.74474829075261,37.18855019695109,82.95227050661163
73.08091930118755,36.98536859315751,60.56159157364655
79.54413983644503,37.56302512538608,93.14984156794361
82.43339449322691,36.974303138205755,94.3046717656604
77.5876394214367,36.11348376589656,59.83267924764793
83.52055396514297,37.630960750357,86.87130428853386
67.48460575809555,39.23173830600739,64.32597744635615
94.4376460407326,36.67311683067559,90.13201561764649
79.17848821607431,36.70216935297825,99.86189499518014
91.17295831588127,37.68721904658541,51.50130026646964
83.42725346377703,35.932162893010656,94.86829328954659
84.56753219153784,38.568874266829994,81.1315266799329
85.69767280232205,37.528028404533025,98.66913095824106
84.47708560017315,37.11161945706458,73.25047587632139
86.42722759867544,36.97255299969186,92.36939652856869
93.29152530132431,37.14277703742883,53.11970342991386
81.9652116970147,37.26056121418967,66.7639525039148
87.09003757588512,37.32260779297503,53.3508268875605
79.10264305712774,37.27780223300172,98.76715667395354
94.40117215449473,37.04479034062762,90.84869536359184
73.2360769794073,36.901330789846334,92.62737106229852
98.00940432910815,36.924363358173245,96.89826157169472
79.59842049355656,36.90254585982366,54.25517430598927
65.69224897881952,37.566885048433534,69.27987962566667
81.2810441491079,37.29677836114043,53.551744452200104
73.1894834252512,35.52980568266786,60.53965507750143
88.40643548988724,37.32795038826488,61.468288851883614
73.4737602069761,40.140863463682926,73.45536055237893
75.5381656678522,36.99064562177705,63.42810837268213
61.10459269054469,36.805740773455554,55.048905340888055
75.47693680750923,37.56205635999301,142.5779675454759
55.76120673371044,37.473763231061426,57.363778177604544
187.0,36.613561166088196,98.65383989561491
87.60414656144297,37.203526143562264,87.96462534592368
167.0,40.238566427341,98.3880732634781
84.25457561784965,36.31019091760553,71.98702432539542
70.33023856870787,36.686641387705016,63.918424083132834
79.5228864385802,37.43119673619138,89.91465986045932
79.96397460909432,37.47656252268804,66.31269590205734
68.41635310807457,37.25654271004865,64.96916868526742
95.0339830176715,37.362547893424,61.62529961039156
88.77362290575671,37.25808914355748,56.48394891121177
77.79035826170336,36.67925920238852,62.8231530508383
80.26885838994531,37.21596127233697,67.76598742369438
82.08382807947552,37.40020476261384,83.69971040728652
59.58265131575709,37.377145664906784,53.12824211097258
77.52822617479403,37.59445668573732,60.52534698326715
73.18015752002202,37.35415192360053,90.45118201458382
69.98379990105084,37.17572410377079,57.346096179188535
77.18899707114045,37.535075119158215,67.13225732612608
97.97686526849523,36.98673937037547,93.23294609290701
86.4084286126701,36.55906267438614,57.74626555717213
74.28821010217203,36.91846651802812,54.13684178090949
85.72582781356158,36.62754867759678,74.22689975400054
